name,sku,barcode,file
"Chaka Ball Soap 125(±)5gm","CHAKA-BALL-SOAP-125-5GM","2000000100012","01_Chaka-Ball-Soap-125-5gm_2000000100012.png"
"Chaka Washing Powder 1000gm","CHAKA-WASHING-POWDER-1000GM","2000000100029","02_Chaka-Washing-Powder-1000gm_2000000100029.png"
"Chaka Washing Powder 500gm","CHAKA-WASHING-POWDER-500GM","2000000100036","03_Chaka-Washing-Powder-500gm_2000000100036.png"
"CloseUp White Now Whitening Purple Color Toothpaste 100gm IN","CLOSEUP-WHITE-NOW-WHITENING-PURPLE-COLOR","2005075521311","04_CloseUp-White-Now-Whitening-Purple-Color-Toothpa_2005075521311.png"
"Closeup Lemon Sea Salt Toothpaste 140gm","CLOSEUP-LEMON-SEA-SALT-TOOTHPASTE-140GM","2008190368793","05_Closeup-Lemon-Sea-Salt-Toothpaste-140gm_2008190368793.png"
"Domex Lime Fresh Toilet Cleaner 500ml","DOMEX-LIME-FRESH-TOILET-CLEANER-500ML","2006844638476","06_Domex-Lime-Fresh-Toilet-Cleaner-500ml_2006844638476.png"
"Domex Ocean Fresh Toilet Cleaner 500ml","DOMEX-OCEAN-FRESH-TOILET-CLEANER-500ML","2006226543886","07_Domex-Ocean-Fresh-Toilet-Cleaner-500ml_2006226543886.png"
"Glow & Lovely Sunscreen Cream 30SPF 25gm","GLOW-LOVELY-SUNSCREEN-CREAM-30SPF-25GM","2004958566982","08_Glow-Lovely-Sunscreen-Cream-30SPF-25gm_2004958566982.png"
"Glow & Lovely Sunscreen Cream 30SPF 50gm","GLOW-LOVELY-SUNSCREEN-CREAM-30SPF-50GM","2006140864869","09_Glow-Lovely-Sunscreen-Cream-30SPF-50gm_2006140864869.png"
"Glow & Lovely Sunscreen Cream 50SPF 50gm","GLOW-LOVELY-SUNSCREEN-CREAM-50SPF-50GM","2000848948906","10_Glow-Lovely-Sunscreen-Cream-50SPF-50gm_2000848948906.png"
"Godrej Fab Liquid Detergent 850(±)150 Ltr. (India)","GODREJ-FAB-LIQUID-DETERGENT-850-150-LTR-","2009092270160","11_Godrej-Fab-Liquid-Detergent-850-150-Ltr-India_2009092270160.png"
"Jet Baby Liquid Detergent 1000ml (Jar)","JET-BABY-LIQUID-DETERGENT-1000ML-JAR","2008460172723","12_Jet-Baby-Liquid-Detergent-1000ml-Jar_2008460172723.png"
"Jet Classic Detergent Powder 200(±)20gm","JET-CLASSIC-DETERGENT-POWDER-200-20GM","2003968480233","13_Jet-Classic-Detergent-Powder-200-20gm_2003968480233.png"
"Jet Classic Detergent Powder 400(±)100gm (Poly Pack)","JET-CLASSIC-DETERGENT-POWDER-400-100GM-P","2007405280561","14_Jet-Classic-Detergent-Powder-400-100gm-Poly-Pack_2007405280561.png"
"Jet Detergent Liquid 1000ml","JET-DETERGENT-LIQUID-1000ML","2003911907077","15_Jet-Detergent-Liquid-1000ml_2003911907077.png"
"Jet Detergent Powder 1000gm","JET-DETERGENT-POWDER-1000GM","2009793761301","16_Jet-Detergent-Powder-1000gm_2009793761301.png"
"Keya Ball Soap Single 130(±)5gm","KEYA-BALL-SOAP-SINGLE-130-5GM","2006419854782","17_Keya-Ball-Soap-Single-130-5gm_2006419854782.png"
"Keya White Plus Detergent Powder 500gm","KEYA-WHITE-PLUS-DETERGENT-POWDER-500GM","2007648326194","18_Keya-White-Plus-Detergent-Powder-500gm_2007648326194.png"
"Kleeno Dishwash 500ml (Buy1 Get250ml Refill Free)","KLEENO-DISHWASH-500ML-BUY1-GET250ML-REFI","2007533331418","19_Kleeno-Dishwash-500ml-Buy1-Get250ml-Refill-Free_2007533331418.png"
"LUX Body Wash Black Orchid Scent & Juniper Oil 245ml","LUX-BODY-WASH-BLACK-ORCHID-SCENT-JUNIPER","2005222383182","20_LUX-Body-Wash-Black-Orchid-Scent-Juniper-Oil-245_2005222383182.png"
"LUX Body Wash Freesia Scent & Aloe Vera 245ml","LUX-BODY-WASH-FREESIA-SCENT-ALOE-VERA-24","2004235512428","21_LUX-Body-Wash-Freesia-Scent-Aloe-Vera-245ml_2004235512428.png"
"LUX Body Wash Orange Blossom Vitamin C 245ml","LUX-BODY-WASH-ORANGE-BLOSSOM-VITAMIN-C-2","2000389562289","22_LUX-Body-Wash-Orange-Blossom-Vitamin-C-245ml_2000389562289.png"
"LUX Body Wash Soft Skin French Rose & Almond Oil 245ml","LUX-BODY-WASH-SOFT-SKIN-FRENCH-ROSE-ALMO","2003988873107","23_LUX-Body-Wash-Soft-Skin-French-Rose-Almond-Oil-2_2003988873107.png"
"Mr. White Detergent Powder 2kg (Buy1 Get1kg Free)","MR-WHITE-DETERGENT-POWDER-2KG-BUY1-GET1K","2005524956411","24_Mr-White-Detergent-Powder-2kg-Buy1-Get1kg-Free_2005524956411.png"
"Mr. White Detergent Powder 500gm (Buy3 Get1 Free)","MR-WHITE-DETERGENT-POWDER-500GM-BUY3-GET","2001712952777","25_Mr-White-Detergent-Powder-500gm-Buy3-Get1-Free_2001712952777.png"
"Mr.White Detergent Powder 1kg","MR-WHITE-DETERGENT-POWDER-1KG","2002518153450","26_Mr-White-Detergent-Powder-1kg_2002518153450.png"
"Orix Crystal Wash Detergent Powder 1kg","ORIX-CRYSTAL-WASH-DETERGENT-POWDER-1KG","2006042111474","27_Orix-Crystal-Wash-Detergent-Powder-1kg_2006042111474.png"
"Orix Crystal Wash Detergent Powder 500gm","ORIX-CRYSTAL-WASH-DETERGENT-POWDER-500GM","2006027775745","28_Orix-Crystal-Wash-Detergent-Powder-500gm_2006027775745.png"
"POND'S Hydra Miracle Gentle Gel Facewash 50gm","POND-S-HYDRA-MIRACLE-GENTLE-GEL-FACEWASH","2006735913576","29_POND-S-Hydra-Miracle-Gentle-Gel-Facewash-50gm_2006735913576.png"
"POND'S Light Moisturiser 50ml","POND-S-LIGHT-MOISTURISER-50ML","2001591530172","30_POND-S-Light-Moisturiser-50ml_2001591530172.png"
"POND'S Light Moisturiser Skin Cream 100ml","POND-S-LIGHT-MOISTURISER-SKIN-CREAM-100M","2004405725368","31_POND-S-Light-Moisturiser-Skin-Cream-100ml_2004405725368.png"
"POND'S Super Light Gel 100ml","POND-S-SUPER-LIGHT-GEL-100ML","2006144756290","32_POND-S-Super-Light-Gel-100ml_2006144756290.png"
"POND'S Super Light Gel 50ml","POND-S-SUPER-LIGHT-GEL-50ML","2009197277903","33_POND-S-Super-Light-Gel-50ml_2009197277903.png"
"Pepsodent Tooth Paste Advanced Salt 140gm","PEPSODENT-TOOTH-PASTE-ADVANCED-SALT-140G","2009826726468","34_Pepsodent-Tooth-Paste-Advanced-Salt-140gm_2009826726468.png"
"Pepsodent Tooth Paste Advanced Salt 70gm","PEPSODENT-TOOTH-PASTE-ADVANCED-SALT-70GM","2009624503285","35_Pepsodent-Tooth-Paste-Advanced-Salt-70gm_2009624503285.png"
"Rin Advanced Detergent 2kg","RIN-ADVANCED-DETERGENT-2KG","2006126081051","36_Rin-Advanced-Detergent-2kg_2006126081051.png"
"Rin Matic Liquid Detergent 800ml","RIN-MATIC-LIQUID-DETERGENT-800ML","2001369416592","37_Rin-Matic-Liquid-Detergent-800ml_2001369416592.png"
"Savlon Liquid Detergent 1Ltr.","SAVLON-LIQUID-DETERGENT-1LTR","2003875398997","38_Savlon-Liquid-Detergent-1Ltr_2003875398997.png"
"Surf Excel 1kg","SURF-EXCEL-1KG","2009153755155","39_Surf-Excel-1kg_2009153755155.png"
"Surf Excel 500gm (New)","SURF-EXCEL-500GM-NEW","2002691154442","40_Surf-Excel-500gm-New_2002691154442.png"
"Surf Excel Expert White Detergent Powder 900gm","SURF-EXCEL-EXPERT-WHITE-DETERGENT-POWDER","2000311866737","41_Surf-Excel-Expert-White-Detergent-Powder-900gm_2000311866737.png"
"Surf Excel Matic Liquid Top Load 1(±02)Ltr.","SURF-EXCEL-MATIC-LIQUID-TOP-LOAD-1-02-LT","2006537814866","42_Surf-Excel-Matic-Liquid-Top-Load-1-02-Ltr_2006537814866.png"
"Surf Excel Matic Liquid Top Load 500ml","SURF-EXCEL-MATIC-LIQUID-TOP-LOAD-500ML","2002353593893","43_Surf-Excel-Matic-Liquid-Top-Load-500ml_2002353593893.png"
"TRESemmé Keratin Smooth Hair Serum 100ml","TRESEMM-KERATIN-SMOOTH-HAIR-SERUM-100ML","2000501122995","44_TRESemm-Keratin-Smooth-Hair-Serum-100ml_2000501122995.png"
"Ujala Supreme Fabric Whitener 100ml","UJALA-SUPREME-FABRIC-WHITENER-100ML","2004991067354","45_Ujala-Supreme-Fabric-Whitener-100ml_2004991067354.png"
"Vim Dishwash Liquid 950(±)50ml","VIM-DISHWASH-LIQUID-950-50ML","2007110819162","46_Vim-Dishwash-Liquid-950-50ml_2007110819162.png"
"Wheel 2in1 Clean & Fresh Detergent 2kg","WHEEL-2IN1-CLEAN-FRESH-DETERGENT-2KG","2008143255613","47_Wheel-2in1-Clean-Fresh-Detergent-2kg_2008143255613.png"
"Wheel Clean & Fresh 2in1 Detergent Powder 1kg","WHEEL-CLEAN-FRESH-2IN1-DETERGENT-POWDER-","2005253576744","48_Wheel-Clean-Fresh-2in1-Detergent-Powder-1kg_2005253576744.png"
"Wheel Clean & Fresh 2in1 Detergent Powder 500gm","WHEEL-DETERGENT-500GM-2","2002839228790","49_Wheel-Clean-Fresh-2in1-Detergent-Powder-500gm_2002839228790.png"
"X-Tra Power Bathroom Cleane 1Ltr. (Buy1 Get 500ml Free)","X-TRA-POWER-BATHROOM-CLEANE-1LTR-BUY1-GE","2000322255735","50_X-Tra-Power-Bathroom-Cleane-1Ltr-Buy1-Get-500ml-_2000322255735.png"
